metric,value,source_file,method
train_rows,4500000,data/train.parquet,Parquet metadata
eval_rows,350000,data/eval.parquet,Parquet metadata
local_distinct_product_id,865,data/train.parquet,streamed product_id batches
train_distinct_series,50000,data/train.parquet,"streamed (city_id, store_id, product_id) batches"
eval_distinct_series,50000,data/eval.parquet,"streamed (city_id, store_id, product_id) batches"
train_distinct_dates,90,data/train.parquet,streamed dt batches
eval_distinct_dates,7,data/eval.parquet,streamed dt batches
train_sha256,6706832db892bbae4969c19d87e07975d2543d2ba7d7d4756360654785de5a3d,data/train.parquet,streamed file bytes
eval_sha256,1b118840664280c6b88bffc84c80ee1f54c05d911e354b7599e5da10995e960e,data/eval.parquet,streamed file bytes
