first_category_id,n_series,donors_calibration,donors_model_fit,donors_tuning,share_calibration,share_model_fit,share_tuning
0,365,2887,10600,3111,0.527,0.484,0.568
1,6,65,280,81,0.722,0.778,0.9
2,4,14,224,13,0.233,0.933,0.217
3,82,997,3566,1047,0.811,0.725,0.851
4,10888,91775,369122,99352,0.562,0.565,0.608
5,1650,19401,67793,19512,0.784,0.685,0.788
6,60,664,1820,766,0.738,0.506,0.851
7,1018,8537,38880,9980,0.559,0.637,0.654
8,2885,25317,108798,28462,0.585,0.629,0.658
9,2,18,67,17,0.6,0.558,0.567
10,2838,24910,103278,28067,0.585,0.607,0.659
11,511,4655,19953,5067,0.607,0.651,0.661
12,36,273,944,386,0.506,0.437,0.715
13,23,196,890,248,0.568,0.645,0.719
14,203,2345,7697,2481,0.77,0.632,0.815
15,692,5869,22293,5576,0.565,0.537,0.537
16,7177,49384,209361,54856,0.459,0.486,0.51
17,72,896,2592,833,0.83,0.6,0.771
18,2349,19613,84502,20278,0.557,0.6,0.576
19,3,29,98,31,0.644,0.544,0.689
20,5533,51840,177171,51609,0.625,0.534,0.622
21,2843,23924,86915,25366,0.561,0.51,0.595
22,327,4636,12278,3479,0.945,0.626,0.709
23,301,2928,8688,3358,0.649,0.481,0.744
24,1383,12883,48669,12673,0.621,0.587,0.611
25,412,4089,15621,4165,0.662,0.632,0.674
26,31,355,1426,368,0.763,0.767,0.791
27,230,1497,6952,1857,0.434,0.504,0.538
28,1998,25133,59434,20448,0.839,0.496,0.682
29,3496,19159,67986,22573,0.365,0.324,0.43
30,670,5913,22594,6710,0.588,0.562,0.668
31,1912,16245,70183,18102,0.566,0.612,0.631
