mechanism,group,tuning donors,series,pinball_q50,WAPE_q50,share<=q90,share<=q25
A,stockout_tier=high,138902,16398,0.18161315441409687,0.2902106581599987,0.8792889951188608,0.2793840261479316
A,stockout_tier=low,153059,16338,0.12809096330691064,0.33040186215967204,0.8796281172619709,0.27961766377671354
A,stockout_tier=mid,158911,16832,0.1470090197909353,0.3244077153617357,0.8755466896564744,0.2798107116562101
A,sales_tier=high,147627,16493,0.2349287135967045,0.26031506711720126,0.8740677518340141,0.28103937626585923
A,sales_tier=low,149927,16573,0.1022437287534403,0.42143606011326284,0.8739719997065238,0.27597430749631485
A,sales_tier=mid,153318,16502,0.11859232933027372,0.3735727421306208,0.8859755540771469,0.28179991912234703
B,stockout_tier=high,138902,16398,0.18329852168955638,0.29290380859742354,0.8787922420123541,0.2880592072108393
B,stockout_tier=low,153059,16338,0.1284955108974926,0.33144536494714205,0.8799286549631188,0.28389052587564273
B,stockout_tier=mid,158911,16832,0.1479098325474218,0.3263955567113078,0.875993480627521,0.2852477172757078
B,sales_tier=high,147627,16493,0.23733591660803025,0.2629823920425559,0.8749415757280172,0.2873390368970446
B,sales_tier=low,149927,16573,0.10262638067928735,0.4230133042336589,0.8746590007136806,0.2820772776084361
B,sales_tier=mid,153318,16502,0.11876472641782587,0.37411580299379715,0.8847754340651457,0.287526578744831
C,stockout_tier=high,138902,16398,0.18500274591936897,0.2956270917042101,0.876985212595931,0.28384040546572403
C,stockout_tier=low,153059,16338,0.1290090330098287,0.3327699600457789,0.8782626307502336,0.28259037364676365
C,stockout_tier=mid,158911,16832,0.14817396014569692,0.32697841231324487,0.8713367859997105,0.2789863508504761
C,sales_tier=high,147627,16493,0.23875432703718982,0.26455407564143807,0.8701186097394108,0.2791562519051393
C,sales_tier=low,149927,16573,0.10300049238173002,0.4245553466047848,0.8722911817084315,0.2814836553789511
C,sales_tier=mid,153318,16502,0.11936352756376642,0.37600206146720133,0.8836079260099923,0.28437626371332786
