mechanism,tau,raw-sales pinball,demand pinball,raw share<=q,demand share<=q
A,0.25,0.11658000246250397,0.1134080319763181,0.25209593853687967,0.2796137262903884
A,0.5,0.1564821903045622,0.15124748370095425,0.4436425415639028,0.5212942919498217
A,0.75,0.14030390691986253,0.13005286945453953,0.6581513156727409,0.7473673237637289
A,0.9,0.09008795836662135,0.07953121803650656,0.8240498411966145,0.8780851328093118
B,0.25,0.12345568967877177,0.11364742869801484,0.21526286839723913,0.2856531343707305
B,0.5,0.17177636811688202,0.1522215286425536,0.3783490658102521,0.5225962135595025
B,0.75,0.1529894839016531,0.1308186460849098,0.6063206408914281,0.7467529587111198
B,0.9,0.0953189996265829,0.07996355548100673,0.8060181160063167,0.878191593179439
C,0.25,0.14888285932233467,0.1142167059173221,0.11090287265565393,0.28170522897851275
C,0.5,0.22832276758583292,0.1530139755359756,0.200766514664916,0.5172798488262744
C,0.75,0.20996233964022767,0.13181231042400424,0.4401759257616352,0.7393340016678791
C,0.9,0.12414926573681956,0.08110595215766744,0.7324096417608545,0.8754280594048865
