mechanism,tau,num_leaves,min_data_in_leaf,best_iter,tuning_pinball_proxy,sec,hit_round_cap
A,0.25,31,200,141,0.1189401251626413,3.9,False
A,0.25,31,1000,140,0.11944124434883159,3.2,False
A,0.25,63,200,143,0.11902484687065563,4.3,False
A,0.25,63,1000,138,0.11932279040149912,4.3,False
A,0.5,31,200,336,0.1603597189267545,6.2,False
A,0.5,31,1000,221,0.16413920010730512,5.0,False
A,0.5,63,200,306,0.1609780312920857,8.4,False
A,0.5,63,1000,112,0.1637776521933949,4.0,False
A,0.75,31,200,1982,0.13587759543256353,32.3,False
A,0.75,31,1000,571,0.14688301485110786,11.0,False
A,0.75,63,200,1987,0.13680455578857284,40.9,False
A,0.75,63,1000,1999,0.1462507733066201,44.8,True
A,0.9,31,200,362,0.0840846555015839,6.7,False
A,0.9,31,1000,1992,0.09446736675041402,33.1,False
A,0.9,63,200,360,0.08458367450939815,7.8,False
A,0.9,63,1000,283,0.09658275585878662,6.8,False
B,0.25,31,200,140,0.11974802958021652,3.4,False
B,0.25,31,1000,217,0.12012976027120686,4.5,False
B,0.25,63,200,140,0.11972494503202821,4.4,False
B,0.25,63,1000,136,0.11994343463504094,3.9,False
B,0.5,31,200,325,0.1616378221716111,6.1,False
B,0.5,31,1000,207,0.16452690670452672,4.0,False
B,0.5,63,200,268,0.16182371143824198,6.8,False
B,0.5,63,1000,119,0.1645915949389912,3.7,False
B,0.75,31,200,1757,0.13665492006632443,28.3,False
B,0.75,31,1000,1991,0.14620668231790834,32.6,False
B,0.75,63,200,1999,0.1368121782809845,38.7,True
B,0.75,63,1000,2000,0.14700129208484403,41.3,True
B,0.9,31,200,651,0.08448132472682403,9.6,False
B,0.9,31,1000,1999,0.09437963453269295,29.5,True
B,0.9,63,200,360,0.08564788405586603,7.8,False
B,0.9,63,1000,676,0.09680429211177793,13.7,False
C,0.25,31,200,241,0.12082415445594115,5.1,False
C,0.25,31,1000,288,0.12067247152353945,5.3,False
C,0.25,63,200,163,0.12091476435966847,4.2,False
C,0.25,63,1000,152,0.12086193736705404,4.2,False
C,0.5,31,200,636,0.16178780713836385,10.4,False
C,0.5,31,1000,300,0.1656912149448826,5.5,False
C,0.5,63,200,2000,0.16154801031569602,39.9,True
C,0.5,63,1000,227,0.1658345280433551,6.3,False
C,0.75,31,200,1989,0.13700071636033503,29.1,False
C,0.75,31,1000,1999,0.1472045621984245,31.6,True
C,0.75,63,200,1999,0.13787869338771333,40.1,True
C,0.75,63,1000,1986,0.14779557529416443,39.1,False
C,0.9,31,200,736,0.08515034863081869,12.0,False
C,0.9,31,1000,2000,0.09520582255574571,31.5,True
C,0.9,63,200,370,0.08663469453746787,8.7,False
C,0.9,63,1000,802,0.09757394286326543,18.1,False
