stockout_tier,period,source,partial_rate,mean_first,mean_dur,n_events,enough_support(>=200 events)
low,fit,real,0.30636829009626365,14.945615886192446,5.860496543368493,300437,True
low,fit,A,0.43090431918657407,15.240346573263944,6.214739999149166,282076,True
low,fit,B,0.5347914954461713,14.344679246576517,7.114427476991105,350082,True
low,fit,C,0.8163070145154243,12.987566574220665,9.012433425779335,534366,True
low,tuning,real,0.34725485397291567,14.56134518929205,6.266653354163485,85133,True
low,tuning,A,0.4170091271993153,15.317232519153336,6.140896485813214,63827,True
low,tuning,B,0.5303379742452257,14.380803961908516,7.071095068557279,81173,True
low,tuning,C,0.8098707034542235,13.032446473805644,8.967553526194356,123958,True
mid,fit,real,0.41678540330879443,14.949287783106215,6.163102416789326,421220,True
mid,fit,A,0.4536825373341681,15.10612676672473,6.353853985221949,251454,True
mid,fit,B,0.5626620430093947,14.209962290287825,7.254360987122261,311856,True
mid,fit,C,0.8212055548839785,12.922329585151399,9.077670414848601,455154,True
mid,tuning,real,0.3544644977440038,15.214953271028037,5.851628535378913,89559,True
mid,tuning,A,0.4203988396020414,15.41993234140646,6.041538185192946,66806,True
mid,tuning,B,0.5362246792229612,14.44416279397268,7.01882363986293,85212,True
mid,tuning,C,0.8169226799906866,13.139364340846416,8.860635659153584,129818,True
high,fit,real,0.507298358315489,14.14083037274145,6.850909282774632,511722,True
high,fit,A,0.5231698249703595,14.609100424436805,6.862211680654516,208276,True
high,fit,B,0.6152764101842735,13.85282350251486,7.628531419426481,244944,True
high,fit,C,0.8445280630187086,12.50061866095595,9.49938133904405,336210,True
high,tuning,real,0.4049885002775795,14.760746107901694,6.160041124057574,102130,True
high,tuning,A,0.46663115001943817,15.226471858800297,6.245896075043199,64816,True
high,tuning,B,0.5807835740306115,14.251239587465292,7.233215985719952,80672,True
high,tuning,C,0.8422988869850686,12.919707342923322,9.080292657076678,116997,True
